time,BTC_MarketCap
2016-04-27,6996165938.85
2016-04-28,7056804722.87
2016-04-29,7171502218.95
2016-04-30,7047243357.13
2016-05-01,7132990502.66
2016-05-02,6994109098.96
2016-05-03,7095107770.58
2016-05-04,7033092244.23
2016-05-05,7060468001.1
2016-05-06,7213051900.43
2016-05-07,7204809324.63
2016-05-08,7222033781.24
2016-05-09,7259725454.99
2016-05-10,7116229017.96
2016-05-11,7138771228.42
2016-05-12,7174701650.84
2016-05-13,7189881982.31
2016-05-14,7183839521.86
2016-05-15,7229663423.65
2016-05-16,7174482768.17
2016-05-17,7159783096.41
2016-05-18,7158033266.93
2016-05-19,6900704423.11
2016-05-20,7007659069.0
2016-05-21,7019879388.6
2016-05-22,6960753110.44
2016-05-23,7026087516.95
2016-05-24,7040815286.69
2016-05-25,7113365305.33
2016-05-26,7169256434.06
2016-05-27,7472737500.7
2016-05-28,8209468537.54
2016-05-29,8241443154.3
2016-05-30,8392014600.75
2016-05-31,8456879481.52
2016-06-01,8539356562.66
2016-06-02,8553988291.18
2016-06-03,9058697394.69
2016-06-04,9125043164.52
2016-06-05,9143061417.67
2016-06-06,9306436628.51
2016-06-07,9194943958.15
2016-06-08,9286550978.17
2016-06-09,9165951244.43
2016-06-10,9212507749.89
2016-06-11,9712422397.75
2016-06-12,10697972280.07
2016-06-13,11215235348.41
2016-06-14,10920996586.89
2016-06-15,11071266797.22
2016-06-16,12199201943.9
2016-06-17,11856222762.36
2016-06-18,12001877770.11
2016-06-19,12128199264.46
2016-06-20,11641556417.47
2016-06-21,10636939203.26
2016-06-22,9592341854.13
2016-06-23,9970286708.71
2016-06-24,10546499879.37
2016-06-25,10509779609.0
2016-06-26,10105007796.75
2016-06-27,10397682094.82
2016-06-28,10373826300.82
2016-06-29,10270037545.73
2016-06-30,10786442046.26
2016-07-01,10847263892.76
2016-07-02,11187521064.9
2016-07-03,10553741899.97
2016-07-04,10893360659.24
2016-07-05,10684791825.54
2016-07-06,10816518116.99
2016-07-07,10232085607.87
2016-07-08,10616054051.31
2016-07-09,10492479026.92
2016-07-10,10467989685.65
2016-07-11,10522162351.02
2016-07-12,10947952050.5
2016-07-13,10795971848.1
2016-07-14,10864802993.64
2016-07-15,10927390353.89
2016-07-16,10910103695.06
2016-07-17,11201879949.42
2016-07-18,11026314919.59
2016-07-19,11173030778.04
2016-07-20,11006370246.58
2016-07-21,10986126629.28
2016-07-22,10730979710.17
2016-07-23,10867146052.85
2016-07-24,11002567637.39
2016-07-25,10855127278.19
2016-07-26,10730946752.82
2016-07-27,10822294885.81
2016-07-28,10806092001.95
2016-07-29,10777858047.49
2016-07-30,10752337273.5
2016-07-31,10261898506.55
2016-08-01,9968784768.95
2016-08-02,8769796756.4
2016-08-03,9442563313.26
2016-08-04,9615375422.08
2016-08-05,9465878094.73
2016-08-06,9695250818.86
2016-08-07,9808512849.89
2016-08-08,9807257575.49
2016-08-09,9651290065.06
2016-08-10,9771466416.67
2016-08-11,9646961785.36
2016-08-12,9660217792.24
2016-08-13,9665777422.77
2016-08-14,9431294334.37
2016-08-15,9369918846.36
2016-08-16,9513084177.66
2016-08-17,9485613449.66
2016-08-18,9475979712.14
2016-08-19,9469397884.27
2016-08-20,9564944176.75
2016-08-21,9578797614.55
2016-08-22,9701039325.55
2016-08-23,9594025677.18
2016-08-24,9546615779.01
2016-08-25,9467165836.34
2016-08-26,9506785446.49
2016-08-27,9371728133.17
2016-08-28,9473796079.29
2016-08-29,9502524183.76
2016-08-30,9553999986.3
2016-08-31,9550433784.11
2016-09-01,9429913884.67
2016-09-02,9536731024.15
2016-09-03,9916555681.6
2016-09-04,10076326027.32
2016-09-05,10077751333.49
2016-09-06,10163737260.61
2016-09-07,10201022649.67
2016-09-08,10340497177.11
2016-09-09,10291237026.39
2016-09-10,10310815041.74
2016-09-11,10019024695.1
2016-09-12,10060780901.89
2016-09-13,10057099923.92
2016-09-14,10073872632.03
2016-09-15,10002139158.76
2016-09-16,10022018644.86
2016-09-17,10009300813.74
2016-09-18,10058178211.72
2016-09-19,10065786077.4
2016-09-20,9898827913.16
2016-09-21,9831988686.14
2016-09-22,9834619747.27
2016-09-23,9939606372.4
2016-09-24,9956810617.63
2016-09-25,9947251706.6
2016-09-26,10043651080.35
2016-09-27,10004550136.89
2016-09-28,9991248879.66
2016-09-29,9993528524.98
2016-09-30,10056006278.89
2016-10-01,10107031455.49
2016-10-02,10072852897.9
2016-10-03,10116644482.07
2016-10-04,10055398329.69
2016-10-05,10080370699.21
2016-10-06,10074198335.64
2016-10-07,10161020025.13
2016-10-08,10161619626.66
2016-10-09,10224214147.55
2016-10-10,10232772822.95
2016-10-11,10572252909.57
2016-10-12,10505383774.21
2016-10-13,10507023989.48
2016-10-14,10519226084.28
2016-10-15,10481455691.8
2016-10-16,10558234277.8
2016-10-17,10520525188.7
2016-10-18,10478527604.98
2016-10-19,10378411605.34
2016-10-20,10385916262.91
2016-10-21,10417283979.63
2016-10-22,10810968521.02
2016-10-23,10741859645.6
2016-10-24,10715002776.49
2016-10-25,10726023391.96
2016-10-26,11052104298.51
2016-10-27,11197257541.07
2016-10-28,11320360151.33
2016-10-29,11707351035.33
2016-10-30,11483626969.99
2016-10-31,11461988974.69
2016-11-01,11962252086.27
2016-11-02,12060126966.76
2016-11-03,11271681325.85
2016-11-04,11607382509.2
2016-11-05,11627097291.86
2016-11-06,11714027622.67
2016-11-07,11673100257.14
2016-11-08,11729843848.8
2016-11-09,11869539838.55
2016-11-10,11714867042.09
2016-11-11,11789218722.36
2016-11-12,11549085047.18
2016-11-13,11586865797.37
2016-11-14,11681569779.12
2016-11-15,11758600991.96
2016-11-16,12173737704.66
2016-11-17,12114484155.98
2016-11-18,12327162332.1
2016-11-19,12341475116.94
2016-11-20,11972000894.28
2016-11-21,12149419296.35
2016-11-22,12326572275.5
2016-11-23,12234283585.4
2016-11-24,12163419037.55
2016-11-25,12225826990.95
2016-11-26,12118973073.63
2016-11-27,12032432870.25
2016-11-28,12099710888.65
2016-11-29,12090015853.77
2016-11-30,12255586303.53
2016-12-01,12432742570.67
2016-12-02,12764746942.97
2016-12-03,12634370615.14
2016-12-04,12627539192.82
2016-12-05,12431419724.47
2016-12-06,12512078127.91
2016-12-07,12624008158.86
2016-12-08,12673996658.45
2016-12-09,12714979690.39
2016-12-10,12730887587.26
2016-12-11,12730833875.31
2016-12-12,12875624703.58
2016-12-13,12860875643.66
2016-12-14,12823278625.98
2016-12-15,12799163695.11
2016-12-16,13200123648.29
2016-12-17,13297454289.59
2016-12-18,13334453360.12
2016-12-19,13315280141.59
2016-12-20,13476314122.4
2016-12-21,13933973503.02
2016-12-22,14368585319.66
2016-12-23,15283591757.1
2016-12-24,14999295808.02
2016-12-25,15014236324.69
2016-12-26,15167482515.83
2016-12-27,15631513585.05
2016-12-28,16446822906.99
2016-12-29,16314687360.72
2016-12-30,16168258046.35
2016-12-31,16351699231.99
2017-01-01,16758537467.69
2017-01-02,17134870697.25
2017-01-03,17387911089.41
2017-01-04,19187220765.91
2017-01-05,16921047885.67
2017-01-06,15075032328.77
2017-01-07,15287867972.49
2017-01-08,15419303848.81
2017-01-09,15278838865.87
2017-01-10,15322972696.43
2017-01-11,13233900481.81
2017-01-12,13676561171.03
2017-01-13,14031479222.95
2017-01-14,13993036635.59
2017-01-15,14044218345.28
2017-01-16,14172720461.68
2017-01-17,15342040662.85
2017-01-18,14991012738.3
2017-01-19,15327335898.49
2017-01-20,15197984471.14
2017-01-21,15630327426.34
2017-01-22,15665510924.9
2017-01-23,15568574548.71
2017-01-24,14956604885.29
2017-01-25,15150622548.95
2017-01-26,15516159745.64
2017-01-27,15582927670.16
2017-01-28,15603820025.94
2017-01-29,15523286329.02
2017-01-30,15635270800.62
2017-01-31,16428785648.2
2017-02-01,16731419178.96
2017-02-02,17015333912.95
2017-02-03,17173909912.64
2017-02-04,17432352174.07
2017-02-05,17093756408.89
2017-02-06,17303651671.43
2017-02-07,17813137793.25
2017-02-08,17785574634.52
2017-02-09,16707850263.77
2017-02-10,16909903098.19
2017-02-11,17125783435.05
2017-02-12,17041197802.12
2017-02-13,16924403627.27
2017-02-14,17143318947.04
2017-02-15,17169793654.97
2017-02-16,17490041712.45
2017-02-17,17904325087.8
2017-02-18,17892228557.91
2017-02-19,17845939415.47
2017-02-20,18315979250.76
2017-02-21,19089833255.74
2017-02-22,19019071146.15
2017-02-23,19903461030.43
2017-02-24,19921159434.39
2017-02-25,19363933554.1
2017-02-26,19935321882.47
2017-02-27,20140255397.5
2017-02-28,20175665297.55
2017-03-01,20786622288.55
2017-03-02,21347326135.01
2017-03-03,21859173124.51
2017-03-04,21516516589.92
2017-03-05,21626464202.75
2017-03-06,21903260229.75
2017-03-07,21036780329.68
2017-03-08,19590388299.15
2017-03-09,20406776359.71
2017-03-10,18965601134.64
2017-03-11,20352727231.25
2017-03-12,21268807543.04
2017-03-13,21534223116.89
2017-03-14,21653410618.87
2017-03-15,21959753706.14
2017-03-16,20558876174.6
2017-03-17,18867663869.25
2017-03-18,17259566208.26
2017-03-19,18079683016.22
2017-03-20,18529490207.91
2017-03-21,19671702211.73
2017-03-22,18497939892.56
2017-03-23,18557056145.54
2017-03-24,16926757517.99
2017-03-25,17326034106.35
2017-03-26,17387167756.86
2017-03-27,18624629036.78
2017-03-28,18707822958.64
2017-03-29,18649793823.26
2017-03-30,18813703681.77
2017-03-31,19727466082.82
2017-04-01,19862517142.62
2017-04-02,21508635145.7
2017-04-03,21213021586.92
2017-04-04,21406900354.01
2017-04-05,21080454755.09
2017-04-06,21912602200.09
2017-04-07,22025169153.83
2017-04-08,21853472664.23
2017-04-09,22228747533.04
2017-04-10,22226779354.61
2017-04-11,22390905185.11
2017-04-12,22424426710.34
2017-04-13,21805965102.45
2017-04-14,21722580078.99
2017-04-15,21798950886.97
2017-04-16,21851636922.51
2017-04-17,22204374032.55
2017-04-18,22377111991.48
2017-04-19,22389438012.96
2017-04-20,22785218552.33
2017-04-21,23121445000.34
2017-04-22,23001874197.21
2017-04-23,23039339366.98
2017-04-24,23218389116.91
2017-04-25,23677727953.14
2017-04-26,23915455864.32
2017-04-27,25017155477.58
2017-04-28,25485620468.79
2017-04-29,26097758225.82
2017-04-30,26282174004.21
2017-05-01,27503087446.68
2017-05-02,27935820801.69
2017-05-03,29218048795.1
2017-05-04,30566775356.42
2017-05-05,31051943378.01
2017-05-06,32201449504.72
2017-05-07,34404641946.71
2017-05-08,37812202217.06
2017-05-09,36663725111.21
2017-05-10,39225203954.99
2017-05-11,39784430474.89
2017-05-12,38320291031.48
2017-05-13,39877875292.47
2017-05-14,40514396414.63
2017-05-15,41443867329.37
2017-05-16,44214663718.34
2017-05-17,47109439081.58
2017-05-18,48039235251.78
2017-05-19,48142565689.3
2017-05-20,50624397458.9
2017-05-21,50525825293.67
2017-05-22,50702159710.98
2017-05-23,55292684161.59
2017-05-24,56812747878.74
2017-05-25,52388774664.69
2017-05-26,52504191398.49
2017-05-27,46508274805.46
2017-05-28,49834474930.38
2017-05-29,51194870441.36
2017-05-30,48685223922.11
2017-05-31,52302177602.82
2017-06-01,57959441653.97
2017-06-02,58194780020.57
2017-06-03,59575498856.95
2017-06-04,59552942481.58
2017-06-05,62621400726.62
2017-06-06,66043194540.26
2017-06-07,62132784443.37
2017-06-08,64929135715.3
2017-06-09,65226565771.86
2017-06-10,65768594919.09
2017-06-11,67848567165.4
2017-06-12,61078426761.19
2017-06-13,63320943306.84
2017-06-14,58142375567.93
2017-06-15,56767448100.55
2017-06-16,58226695104.98
2017-06-17,61673597929.08
2017-06-18,59610455642.65
2017-06-19,61946003944.02
2017-06-20,65343538347.96
2017-06-21,61984314479.23
2017-06-22,63133129221.88
2017-06-23,63718271938.18
2017-06-24,60769344799.46
2017-06-25,58294227419.8
2017-06-26,55947883054.99
2017-06-27,59472776877.72
2017-06-28,59672712352.9
2017-06-29,58690325314.58
2017-06-30,56589867398.07
2017-07-01,55130407965.46
2017-07-02,57450310381.2
2017-07-03,58157557016.37
2017-07-04,59207714595.0
2017-07-05,59764862163.88
2017-07-06,59529220338.31
2017-07-07,55871620361.47
2017-07-08,57051858250.98
2017-07-09,55766517995.71
2017-07-10,50225457934.24
2017-07-11,49268046700.07
2017-07-12,52151764715.64
2017-07-13,50950011934.02
2017-07-14,69269179585.83
2017-07-15,61337161253.87
2017-07-16,57855677324.94
2017-07-17,68605441969.76
2017-07-18,75465649546.68
2017-07-19,68878391362.68
2017-07-20,85342790653.44
2017-07-21,79940580978.78
2017-07-22,85747157414.9
2017-07-23,83732294233.27
2017-07-24,83532778954.41
2017-07-25,76205285769.98
2017-07-26,75344124657.2
2017-07-27,78174654642.38
2017-07-28,77919007739.96
2017-07-29,78043749465.61
2017-07-30,77346531271.51
2017-07-31,81025977432.33
2017-08-01,81787823990.43
2017-08-02,79862981701.96
2017-08-03,84395280768.7
2017-08-04,84692558633.17
2017-08-05,96320192826.3
2017-08-06,98480656457.1
2017-08-07,105043780402.08
2017-08-08,108708570014.94
2017-08-09,104954343776.9
2017-08-10,107144004194.16
2017-08-11,113151115566.9
2017-08-12,116499694893.13
2017-08-13,118496790378.42
2017-08-14,123612503921.23
2017-08-15,118580922164.71
2017-08-16,123548791659.23
2017-08-17,123682500529.33
2017-08-18,125941978185.91
2017-08-19,125775413070.92
2017-08-20,125296815807.7
2017-08-21,126222790282.59
2017-08-22,130931098689.56
2017-08-23,132360545735.65
2017-08-24,134124619648.98
2017-08-25,136800694091.89
2017-08-26,137939845610.62
2017-08-27,138960285193.78
2017-08-28,140472578748.02
2017-08-29,145044843629.8
2017-08-30,147417054452.21
2017-08-31,152372670848.44
2017-09-01,157922967488.4
2017-09-02,145308795899.31
2017-09-03,145413174199.71
2017-09-04,130749693357.29
2017-09-05,135448905915.89
2017-09-06,144022485458.52
2017-09-07,144515971196.1
2017-09-08,134788848665.61
2017-09-09,133491228863.84
2017-09-10,131103431027.69
2017-09-11,130541981650.68
2017-09-12,129892044212.67
2017-09-13,120898206699.8
2017-09-14,98954339433.93
2017-09-15,113416230823.43
2017-09-16,113104178141.93
2017-09-17,113344479136.92
2017-09-18,126571053628.47
2017-09-19,121205823583.01
2017-09-20,119784076438.38
2017-09-21,110772602733.25
2017-09-22,111490558280.55
2017-09-23,117184817484.35
2017-09-24,114511532128.76
2017-09-25,121804990595.87
2017-09-26,120918900105.11
2017-09-27,130391922427.07
2017-09-28,129239235677.29
2017-09-29,127593080897.94
2017-09-30,132767748808.86
2017-10-01,133586023866.14
2017-10-02,132968346908.7
2017-10-03,130276488375.71
2017-10-04,127636295108.62
2017-10-05,130807341852.4
2017-10-06,132979815458.73
2017-10-07,134696782952.29
2017-10-08,137683743680.18
2017-10-09,136528056270.72
2017-10-10,138060315763.45
2017-10-11,140251822947.61
2017-10-12,151026320608.26
2017-10-13,158932240741.23
2017-10-14,161670690296.18
2017-10-15,160135078527.74
2017-10-16,160912722917.65
2017-10-17,156405987689.71
2017-10-18,154335094453.29
2017-10-19,155198516510.92
2017-10-20,158584352784.06
2017-10-21,158784393161.7
2017-10-22,157442425721.8
2017-10-23,153966976637.21
2017-10-24,151122439849.46
2017-10-25,154720361126.13
2017-10-26,156732491358.21
2017-10-27,155133729975.42
2017-10-28,154599939702.11
2017-10-29,163620022423.52
2017-10-30,163596671813.07
2017-10-31,168192319582.82
2017-11-01,172411629415.19
2017-11-02,177719870671.06
2017-11-03,184082609257.61
2017-11-04,186344485186.04
2017-11-05,187034512155.27
2017-11-06,180390492478.87
2017-11-07,183055319676.09
2017-11-08,193204944153.45
2017-11-09,190840047490.47
2017-11-10,183172842416.48
2017-11-11,188319695780.02
2017-11-12,180649379986.74
2017-11-13,192196938366.73
2017-11-14,195046203707.15
2017-11-15,205494942762.93
2017-11-16,210199403741.44
2017-11-17,212408943659.47
2017-11-18,218608574610.74
2017-11-19,222484447564.82
2017-11-20,229671448160.23
2017-11-21,225165195204.45
2017-11-22,232805190483.31
2017-11-23,236726821497.54
2017-11-24,247211788895.06
2017-11-25,256454275781.49
2017-11-26,269584804687.84
2017-11-27,278572274490.49
2017-11-28,282834349484.85
2017-11-29,270038643966.37
2017-11-30,276528019308.0
2017-12-01,301058652769.69
2017-12-02,300742749461.19
2017-12-03,311047232109.67
2017-12-04,324301563347.39
2017-12-05,325393148515.29
2017-12-06,354101508553.85
2017-12-07,402098164460.12
2017-12-08,402424405834.68
2017-12-09,384011940143.17
2017-12-10,379076838870.33
2017-12-11,423350523784.12
2017-12-12,463389062843.28
2017-12-13,459316080088.65
2017-12-14,487651110793.3
2017-12-15,499367107371.46
2017-12-16,539261314200.02
2017-12-17,547089012179.6
2017-12-18,569708749682.06
2017-12-19,567445194786.91
2017-12-20,565312721368.8
2017-12-21,553321212957.28
2017-12-22,478829728206.18
2017-12-23,517751904753.31
2017-12-24,496029417004.95
2017-12-25,493594946901.32
2017-12-26,535270542130.46
2017-12-27,524828226413.22
2017-12-28,504485213502.21
2017-12-29,537092637107.02
2017-12-30,491617914775.37
2017-12-31,535584963088.63
2018-01-01,535491968225.9
2018-01-02,587343625244.52
2018-01-03,643952425621.72
2018-01-04,645060581621.42
2018-01-05,663245671990.71
2018-01-06,689375329808.4
2018-01-07,692229670205.8
2018-01-08,649239587145.01
2018-01-09,635836478139.75
2018-01-10,643367333975.49
2018-01-11,581020954936.65
2018-01-12,625776564495.03
2018-01-13,649772761012.76
2018-01-14,621643730984.59
2018-01-15,599424219513.31
2018-01-16,477114823182.69
2018-01-17,481063255146.26
2018-01-18,495172618781.95
2018-01-19,502794387798.01
2018-01-20,552769869023.14
2018-01-21,494325338704.16
2018-01-22,466254480658.67
2018-01-23,466372951527.23
2018-01-24,491642037136.76
2018-01-25,483665230215.03
2018-01-26,479039313889.08
2018-01-27,492628747187.67
2018-01-28,519793842958.42
2018-01-29,495670933410.25
2018-01-30,440341192935.9
2018-01-31,452205400770.47
2018-02-01,397285430768.19
2018-02-02,380274308441.81
2018-02-03,403394269175.95
2018-02-04,350467344362.63
2018-02-05,289474261300.27
2018-02-06,328988449820.21
2018-02-07,318383691007.24
2018-02-08,352159756258.9
2018-02-09,378082204315.85
2018-02-10,373129232370.42
2018-02-11,352129044753.62
2018-02-12,383197779625.47
2018-02-13,368950677432.17
2018-02-14,412808856502.98
2018-02-15,422957788316.64
2018-02-16,433407357119.35
2018-02-17,459119765437.42
2018-02-18,426972285380.91
2018-02-19,449785807659.46
2018-02-20,432845391690.87
2018-02-21,405470477752.71
2018-02-22,382011613575.56
2018-02-23,400356168766.63
2018-02-24,384803564256.63
2018-02-25,385663733311.52
2018-02-26,405214481397.89
2018-02-27,410931932562.79
2018-02-28,397441653160.27
2018-03-01,415502039435.04
2018-03-02,414041647189.86
2018-03-03,419933700504.0
2018-03-04,427471836340.53
2018-03-05,419841040950.54
2018-03-06,397240878429.96
2018-03-07,366767924621.7
2018-03-08,342652712252.06
2018-03-09,347312383847.28
2018-03-10,327455224902.43
2018-03-11,353547664178.82
2018-03-12,337384500977.44
2018-03-13,336992626211.77
2018-03-14,299692420862.73
2018-03-15,300292052983.66
2018-03-16,298465531317.43
2018-03-17,279756541827.75
2018-03-18,286869892227.04
2018-03-19,305495336215.78
2018-03-20,313992704930.69
2018-03-21,313327795735.08
2018-03-22,305067520345.92
2018-03-23,309947509692.54
2018-03-24,298314485465.02
2018-03-25,297414388985.23
2018-03-26,281609130433.48
2018-03-27,267619414547.73
2018-03-28,270709920554.06
2018-03-29,238586699239.16
2018-03-30,234790757639.18
2018-03-31,236051142515.39
2018-04-01,232653707837.45
2018-04-02,240735577530.88
2018-04-03,257538570649.51
2018-04-04,233873505710.31
2018-04-05,234406924905.44
2018-04-06,227081101269.72
2018-04-07,236510918925.95
2018-04-08,242931383319.34
2018-04-09,236525855428.37
2018-04-10,240495185902.46
2018-04-11,250341576989.91
2018-04-12,286509917572.99
2018-04-13,285050252367.96
2018-04-14,289262096379.28
2018-04-15,306772013920.94
2018-04-16,296575526168.39
2018-04-17,292393744407.59
2018-04-18,310643269205.54
2018-04-19,324148430770.67
2018-04-20,354001738999.55
2018-04-21,349076978836.49
2018-04-22,350353968884.44
2018-04-23,363603465274.88
2018-04-24,391495423911.38
2018-04-25,351766117300.7
2018-04-26,375356924492.43
2018-04-27,362252568547.46
2018-04-28,385824273539.8
2018-04-29,394251838170.37
2018-04-30,380573796992.06
2018-05-01,379423586329.74
2018-05-02,389417563037.6
2018-05-03,410144030083.16
2018-05-04,408740940088.14
2018-05-05,420061396350.7
2018-05-06,409827453588.07
2018-05-07,396145163124.12
2018-05-08,390983989981.2
2018-05-09,392536027464.61
2018-05-10,376079253999.48
2018-05-11,345696817058.69
2018-05-12,350761075965.34
2018-05-13,366513413620.42
2018-05-14,363376107255.41
2018-05-15,351353810349.88
2018-05-16,347186254931.27
2018-05-17,331047841282.58
2018-05-18,340014635882.77
2018-05-19,339444188241.46
2018-05-20,353466281117.32
2018-05-21,344668712274.03
2018-05-22,322191081043.02
2018-05-23,296621327945.13
2018-05-24,307422034281.91
2018-05-25,299417423744.66
2018-05-26,296460085597.19
2018-05-27,294405390886.77
2018-05-28,275314704796.85
2018-05-29,297738336008.81
2018-05-30,294136694581.46
2018-05-31,303894808272.53
2018-06-01,305442516015.2
2018-06-02,315339888411.96
2018-06-03,322908501200.23
2018-06-04,310364405387.06
2018-06-05,317288905854.06
2018-06-06,317261030204.0
2018-06-07,318032817446.53
2018-06-08,314506348403.3
2018-06-09,308774933216.69
2018-06-10,273886177661.34
2018-06-11,278552428932.4
2018-06-12,260126353895.14
2018-06-13,249779669426.7
2018-06-14,266991021429.91
2018-06-15,254489203514.73
2018-06-16,257677265592.07
2018-06-17,256024653480.4
2018-06-18,265552448188.77
2018-06-19,269069264191.95
2018-06-20,267786032631.48
2018-06-21,265052849864.41
2018-06-22,235861982847.89
2018-06-23,239600635704.65
2018-06-24,234077554500.73
2018-06-25,238125519329.61
2018-06-26,226068941670.01
2018-06-27,231411779448.83
2018-06-28,219152552425.74
2018-06-29,230503349126.62
2018-06-30,239247932070.33
2018-07-01,238531176854.96
2018-07-02,251919243207.51
2018-07-03,246321821643.56
2018-07-04,249899196678.99
2018-07-05,246808637513.95
2018-07-06,246912111142.69
2018-07-07,254108879410.0
2018-07-08,252014413361.68
2018-07-09,247096874943.26
2018-07-10,231217114153.1
2018-07-11,235396542920.87
2018-07-12,229273530364.78
2018-07-13,229855630627.37
2018-07-14,230979529654.46
2018-07-15,236902814000.83
2018-07-16,253292562409.32
2018-07-17,270876526142.58
2018-07-18,268816304134.33
2018-07-19,268081509840.21
2018-07-20,256945479965.45
2018-07-21,261849781050.05
2018-07-22,260265878548.0
2018-07-23,264253944289.6
2018-07-24,284023789146.37
2018-07-25,279314551217.58
2018-07-26,271299925485.83
2018-07-27,278166413499.25
2018-07-28,279218194173.48
2018-07-29,277967808342.33
2018-07-30,273296755986.94
2018-07-31,258879230393.24
2018-08-01,255169163460.04
2018-08-02,249940155471.96
2018-08-03,249555408755.68
2018-08-04,238537564930.71
2018-08-05,240701298460.64
2018-08-06,236492987013.17
2018-08-07,225719097642.2
2018-08-08,207636696988.51
2018-08-09,216309543094.29
2018-08-10,200770787587.24
2018-08-11,199010729043.22
2018-08-12,201158664448.22
2018-08-13,191985602284.19
2018-08-14,188900146925.5
2018-08-15,191170094534.65
2018-08-16,194016246710.63
2018-08-17,211917296905.16
2018-08-18,200744982609.93
2018-08-19,204974971877.66
2018-08-20,193013533152.27
2018-08-21,200385487789.99
2018-08-22,194540746412.53
2018-08-23,200265593512.79
2018-08-24,204645380812.32
2018-08-25,205287394688.58
2018-08-26,204164291007.74
2018-08-27,213249739182.84
2018-08-28,219698749803.17
2018-08-29,216833747639.3
2018-08-30,214209417328.48
2018-08-31,215783442220.65
2018-09-01,224351739885.12
2018-09-02,225550398683.66
2018-09-03,223786745124.18
2018-09-04,225904891106.46
2018-09-05,196173298558.71
2018-09-06,194479871845.18
2018-09-07,189255445630.31
2018-09-08,185787531426.06
2018-09-09,186253887947.38
2018-09-10,186138121356.91
2018-09-11,183289435897.06
2018-09-12,182944717931.72
2018-09-13,188599104525.99
2018-09-14,187783732291.73
2018-09-15,189958001358.47
2018-09-16,189978787485.93
2018-09-17,183994262958.91
2018-09-18,188614062176.18
2018-09-19,189202744538.08
2018-09-20,198352397675.55
2018-09-21,208969137777.09
2018-09-22,206995228821.64
2018-09-23,209085322599.7
2018-09-24,201755947714.68
2018-09-25,201071634216.53
2018-09-26,201056685388.57
2018-09-27,206888880116.44
2018-09-28,204746318337.57
2018-09-29,206959964890.11
2018-09-30,207618719586.54
2018-10-01,206932157531.99
2018-10-02,203619198817.11
2018-10-03,202530797782.02
2018-10-04,203428389645.24
2018-10-05,204075526253.31
2018-10-06,203608029909.14
2018-10-07,204766075838.63
2018-10-08,206623541616.58
2018-10-09,205368048791.77
2018-10-10,202855597237.67
2018-10-11,183014326138.22
2018-10-12,186953693966.81
2018-10-13,187629550066.08
2018-10-14,185313547779.04
2018-10-15,194374438653.94
2018-10-16,196739934151.29
2018-10-17,196525410470.69
2018-10-18,193964603604.14
2018-10-19,194293304814.87
2018-10-20,195696415722.98
2018-10-21,195500913350.3
2018-10-22,195428550144.78
2018-10-23,195297299693.43
2018-10-24,195212309350.3
2018-10-25,194493140514.18
2018-10-26,194912289620.05
2018-10-27,194602083324.29
2018-10-28,195233215038.84
2018-10-29,189245105512.18
2018-10-30,190200785397.26
2018-10-31,191732221697.87
2018-11-01,193015681262.82
2018-11-02,194616711331.71
2018-11-03,194116482333.66
2018-11-04,200189439191.88
2018-11-05,200533979340.15
2018-11-06,207090846297.67
2018-11-07,206316865683.8
2018-11-08,200786081875.46
2018-11-09,198303506263.52
2018-11-10,199616414845.32
2018-11-11,199323413248.96
2018-11-12,198408464605.21
2018-11-13,195065673748.91
2018-11-14,174210085269.19
2018-11-15,173679687295.78
2018-11-16,170482637354.1
2018-11-17,170937255250.16
2018-11-18,173451399911.08
2018-11-19,147595882537.62
2018-11-20,134709674651.71
2018-11-21,141209202018.09
2018-11-22,132041679327.48
2018-11-23,131198231521.1
2018-11-24,117217289281.74
2018-11-25,120653143581.81
2018-11-26,114354707524.71
2018-11-27,115611923951.99
2018-11-28,128889633969.79
2018-11-29,127930225720.47
2018-11-30,120232563009.15
2018-12-01,124810491809.49
2018-12-02,123661676009.51
2018-12-03,115511936639.08
2018-12-04,117234119589.58
2018-12-05,110067359164.42
2018-12-06,100674589382.06
2018-12-07,99925445811.82
2018-12-08,100045851337.28
2018-12-09,103772944121.19
2018-12-10,100049840905.08
2018-12-11,98219975237.9
2018-12-12,100699552313.85
2018-12-13,96158744343.72
2018-12-14,93722594844.66
2018-12-15,93377644150.58
2018-12-16,94043595610.3
2018-12-17,104348534949.27
2018-12-18,110466255679.62
2018-12-19,110610897405.32
2018-12-20,123661715126.09
2018-12-21,117145007827.64
2018-12-22,121591731257.94
2018-12-23,123516975667.7
2018-12-24,127699539762.84
2018-12-25,119210488417.28
2018-12-26,120063681977.26
2018-12-27,112046114504.34
2018-12-28,124065884283.95
2018-12-29,119250765713.81
2018-12-30,122364006357.52
2018-12-31,117174463123.7
2019-01-01,122176791243.01
2019-01-02,125977412258.29
2019-01-03,121724184442.84
2019-01-04,123414205714.78
2019-01-05,122852937894.77
2019-01-06,129505131002.23
2019-01-07,127748099329.24
2019-01-08,127783406442.76
2019-01-09,128609521832.27
2019-01-10,114794869425.16
2019-01-11,114793807058.86
2019-01-12,114421654486.17
2019-01-13,109712659159.71
2019-01-14,116066445010.7
2019-01-15,112731521315.81
2019-01-16,114103297383.37
2019-01-17,115207240399.44
2019-01-18,113666794650.69
2019-01-19,116187346631.02
2019-01-20,111528002635.18
2019-01-21,111528821823.13
2019-01-22,113073665936.41
2019-01-23,112253287836.06
2019-01-24,112764613509.0
2019-01-25,112274408665.84
2019-01-26,112115748329.84
2019-01-27,110533660663.23
2019-01-28,106102321032.23
2019-01-29,104947955585.26
2019-01-30,107964604691.6
2019-01-31,106327180109.16
2019-02-01,106980962102.1
2019-02-02,108387720831.62
2019-02-03,106301351080.26
2019-02-04,106173397956.61
2019-02-05,106586774804.67
2019-02-06,104427894795.43
2019-02-07,104586167548.17
2019-02-08,114053736607.77
2019-02-09,114179156230.97
2019-02-10,115747649940.13
2019-02-11,113210065888.95
2019-02-12,113736456158.11
2019-02-13,113261143734.42
2019-02-14,112311586097.15
2019-02-15,112910065084.13
2019-02-16,113329685479.48
2019-02-17,115772654485.17
2019-02-18,124253329782.83
2019-02-19,124987414949.35
2019-02-20,127635284527.72
2019-02-21,125242427422.23
2019-02-22,126888301595.19
2019-02-23,133078183574.35
2019-02-24,118661341548.45
2019-02-25,123005201923.07
2019-02-26,121868743561.99
2019-02-27,121374951267.04
2019-02-28,121476469419.41
2019-03-01,122320537018.24
2019-03-02,122081292202.14
2019-03-03,121129767319.93
2019-03-04,117622031860.55
2019-03-05,124125628328.47
2019-03-06,124556020631.63
2019-03-07,124817795108.63
2019-03-08,123434968038.25
2019-03-09,126368186566.7
2019-03-10,125983903272.35
2019-03-11,123939429979.01
2019-03-12,125285266735.83
2019-03-13,124881254102.68
2019-03-14,125439562660.59
2019-03-15,127585421058.8
2019-03-16,130784396397.84
2019-03-17,129676584044.57
2019-03-18,129606939882.27
2019-03-19,130890398243.7
2019-03-20,131904710932.78
2019-03-21,129625889955.84
2019-03-22,130476599737.65
2019-03-23,131077214041.12
2019-03-24,130530721838.11
2019-03-25,128176278127.38
2019-03-26,128494936573.14
2019-03-27,133197055552.88
2019-03-28,132519018724.52
2019-03-29,135115363645.03
2019-03-30,135264718764.02
2019-03-31,135641190193.46
2019-04-01,137007253819.32
2019-04-02,160993334690.61
2019-04-03,162830641204.65
2019-04-04,160232876770.8
2019-04-05,166969778648.27
2019-04-06,166571444266.54
2019-04-07,171751157240.08
2019-04-08,173234219737.54
2019-04-09,169765045200.07
2019-04-10,173348475327.13
2019-04-11,162295469003.08
2019-04-12,163544532194.27
2019-04-13,162903322148.08
2019-04-14,166787894824.53
2019-04-15,161910273903.69
2019-04-16,166892983734.39
2019-04-17,168131081907.52
2019-04-18,170472881239.83
2019-04-19,170558684560.93
2019-04-20,170933586211.77
2019-04-21,168474043531.07
2019-04-22,170855532036.35
2019-04-23,172241161460.47
2019-04-24,167866584596.87
2019-04-25,158181140458.25
2019-04-26,158788301620.54
2019-04-27,159741987614.52
2019-04-28,158667373239.81
2019-04-29,157321747614.49
2019-04-30,163944538059.82
2019-05-01,164584535303.51
2019-05-02,165620370709.47
2019-05-03,172973980613.57
2019-05-04,173851100979.27
2019-05-05,172375401010.25
2019-05-06,172940339344.29
2019-05-07,172329683171.87
2019-05-08,176512176225.88
2019-05-09,178948469014.49
2019-05-10,184428454092.04
2019-05-11,207638335116.06
2019-05-12,200796737529.37
2019-05-13,219418688644.11
2019-05-14,231041631870.49
2019-05-15,245486870488.97
2019-05-16,238207716824.8
2019-05-17,222594451403.99
2019-05-18,218613339387.6
2019-05-19,244429358136.56
2019-05-20,238239029941.33
2019-05-21,239054944311.9
2019-05-22,228035402086.39
2019-05-23,234464346549.06
2019-05-24,239065008976.97
2019-05-25,240739102866.97
2019-05-26,258115964593.43
2019-05-27,262670821142.33
2019-05-28,262767456831.52
2019-05-29,263272191278.84
2019-05-30,250191603088.66
2019-05-31,260378025997.3
2019-06-01,259651139175.4
2019-06-02,265216575374.11
2019-06-03,246692585074.76
2019-06-04,234842529975.16
2019-06-05,238504622519.46
2019-06-06,240216881672.78
2019-06-07,245569357410.87
2019-06-08,242593547876.93
2019-06-09,232581301599.0
2019-06-10,245337855889.31
2019-06-11,242794555188.27
2019-06-12,251477661242.66
2019-06-13,252482981329.83
2019-06-14,261363027844.14
2019-06-15,265881523722.66
2019-06-16,269374620625.42
2019-06-17,278187513832.09
2019-06-18,270408700044.17
2019-06-19,277161241101.76
2019-06-20,281256227561.16
2019-06-21,298628375452.41
2019-06-22,311722431401.15
2019-06-23,313390332960.9
2019-06-24,318042824394.27
2019-06-25,331799925661.91
2019-06-26,352686547643.38
2019-06-27,307140696874.21
2019-06-28,334957154275.63
2019-06-29,329133614236.12
2019-06-30,299466804314.99
2019-07-01,296188036987.26
2019-07-02,301535253556.58
2019-07-03,325260071388.05
2019-07-04,305681308395.34
2019-07-05,303616818411.51
2019-07-06,308708817321.67
2019-07-07,316494380887.87
2019-07-08,332555687665.2
2019-07-09,335657651576.71
2019-07-10,319941559157.85
2019-07-11,298227183416.91
2019-07-12,310068039647.47
2019-07-13,299948566437.42
2019-07-14,267336901420.85
2019-07-15,279650365853.21
2019-07-16,244623855251.91
2019-07-17,254417993307.84
2019-07-18,278122537319.27
2019-07-19,275484404274.25
2019-07-20,282965739065.28
2019-07-21,279294572826.93
2019-07-22,272064667862.0
2019-07-23,260681199815.95
2019-07-24,261186287174.86
2019-07-25,263676912797.43
2019-07-26,263977751376.42
2019-07-27,253085337264.36
2019-07-28,254608863723.31
2019-07-29,254736543706.38
2019-07-30,257361769481.54
2019-07-31,268241139669.35
2019-08-01,273778343166.67
2019-08-02,275202698210.65
2019-08-03,281492867679.89
2019-08-04,284256780484.17
2019-08-05,301510367215.04
2019-08-06,292387674097.77
2019-08-07,301867936750.99
2019-08-08,298843163992.1
2019-08-09,293782773008.92
2019-08-10,283595042547.11
2019-08-11,291002075869.29
2019-08-12,286897872480.48
2019-08-13,276697222642.75
2019-08-14,254018288733.71
2019-08-15,260161646626.08
2019-08-16,260228492388.26
2019-08-17,257339410750.82
2019-08-18,262747714989.82
2019-08-19,275202044624.11
2019-08-20,270166902505.3
2019-08-21,256149118496.33
2019-08-22,258255923535.73
2019-08-23,263853825245.86
2019-08-24,258177394458.68
2019-08-25,256755501032.82
2019-08-26,261474086118.98
2019-08-27,257526865176.78
2019-08-28,244793310717.91
2019-08-29,239538489549.35
2019-08-30,241382879972.63
2019-08-31,242188600012.25
2019-09-01,245384047223.71
2019-09-02,258626168107.76
2019-09-03,263153418698.9
2019-09-04,261062508835.29
2019-09-05,260920346693.4
2019-09-06,255101215834.72
2019-09-07,260445589158.9
2019-09-08,260160781902.2
2019-09-09,258170962215.48
2019-09-10,253750984613.37
2019-09-11,253875878038.98
2019-09-12,259187464978.31
2019-09-13,258044285686.17
2019-09-14,259919899201.98
2019-09-15,259040163587.81
2019-09-16,259563270201.04
2019-09-17,261728997796.68
2019-09-18,264095968567.94
2019-09-19,265569292499.64
2019-09-20,263174319227.21
2019-09-21,258817998769.58
2019-09-22,257818412689.63
2019-09-23,248443386533.83
2019-09-24,216016574294.52
2019-09-25,215762460009.47
2019-09-26,207481322212.64
2019-09-27,211463204866.89
2019-09-28,212161659394.11
2019-09-29,207779016941.71
2019-09-30,215516379605.11
2019-10-01,214879381753.55
2019-10-02,217013512134.24
2019-10-03,212485334755.44
2019-10-04,212257563449.03
2019-10-05,212456573122.38
2019-10-06,205641638694.27
2019-10-07,215792026503.09
2019-10-08,215609812227.79
2019-10-09,225817897555.27
2019-10-10,224503222732.16
2019-10-11,216405769161.47
2019-10-12,217558380481.34
2019-10-13,217544697370.44
2019-10-14,221112456586.48
2019-10-15,215577524948.13
2019-10-16,211090568643.72
2019-10-17,214253950039.38
2019-10-18,210765896872.76
2019-10-19,210630744297.6
2019-10-20,216696851174.2
2019-10-21,216706685186.29
2019-10-22,212252208079.5
2019-10-23,198572456028.24
2019-10-24,198958632608.91
2019-10-25,227923046617.83
2019-10-26,238419478659.77
2019-10-27,245756747732.16
2019-10-28,239111325375.97
2019-10-29,245592720827.05
2019-10-30,238906979653.32
2019-10-31,238361229657.1
2019-11-01,240349485785.71
2019-11-02,242116842471.98
2019-11-03,239557467163.84
2019-11-04,245332230606.08
2019-11-05,244686276256.23
2019-11-06,246408631638.66
2019-11-07,241642234336.96
2019-11-08,231545670345.96
2019-11-09,233346851962.54
2019-11-10,238942837255.97
2019-11-11,231802968826.06
2019-11-12,234034614473.92
2019-11-13,233244579746.54
2019-11-14,229775442000.71
2019-11-15,225057842442.72
2019-11-16,225890136589.34
2019-11-17,226638236453.45
2019-11-18,217965411323.02
2019-11-19,216264246102.6
2019-11-20,214790459564.78
2019-11-21,202346123969.48
2019-11-22,192894575959.59
2019-11-23,195083736495.32
2019-11-24,183344663072.19
2019-11-25,188368547594.97
2019-11-26,190073369865.86
2019-11-27,198154847501.07
2019-11-28,196183887151.55
2019-11-29,204007730304.59
2019-11-30,198942756902.56
2019-12-01,195735988030.45
2019-12-02,193114748912.16
2019-12-03,192816531497.99
2019-12-04,189685324143.24
2019-12-05,194612181105.82
2019-12-06,198082881998.19
2019-12-07,197249119612.73
2019-12-08,198507420000.38
2019-12-09,193827275044.04
2019-12-10,190691550810.84
2019-12-11,190148798186.36
2019-12-12,190039018330.2
2019-12-13,191593366368.08
2019-12-14,187163819446.87
2019-12-15,188290418573.73
2019-12-16,180859562350.5
2019-12-17,171661978593.42
2019-12-18,188186073360.31
2019-12-19,184321679688.94
2019-12-20,185872332108.89
2019-12-21,184328278225.85
2019-12-22,192907322495.35
2019-12-23,187727688931.21
2019-12-24,186619804292.94
2019-12-25,184591261231.45
2019-12-26,184893519969.36
2019-12-27,186362668638.27
2019-12-28,188207667800.67
2019-12-29,191276560974.52
2019-12-30,187047922456.6
2019-12-31,185474129041.27
2020-01-01,186105222259.3
2020-01-02,180152527142.06
2020-01-03,190146118516.91
2020-01-04,190901506067.66
2020-01-05,191363435467.45
2020-01-06,203577702392.31
2020-01-07,210305249325.87
2020-01-08,206962368706.77
2020-01-09,202220711072.83
2020-01-10,213089632436.05
2020-01-11,209118087812.21
2020-01-12,213615716478.0
2020-01-13,211676175196.17
2020-01-14,237483075936.2
2020-01-15,236596587349.36
2020-01-16,233969872081.84
2020-01-17,239800755786.0
2020-01-18,240488483846.02
2020-01-19,234317516176.15
2020-01-20,233465874935.29
2020-01-21,236409515855.31
2020-01-22,235069953632.23
2020-01-23,226198912905.58
2020-01-24,227091541724.18
2020-01-25,224373133808.59
2020-01-26,232404544361.39
2020-01-27,240361097591.05
2020-01-28,251995599567.77
2020-01-29,249391983105.42
2020-01-30,256926436245.49
2020-01-31,251516126650.58
2020-02-01,254125251027.08
2020-02-02,254481574649.0
2020-02-03,254159844558.28
2020-02-04,252363443910.68
2020-02-05,266486531704.19
2020-02-06,271193925981.81
2020-02-07,273853088103.25
2020-02-08,277548477264.85
2020-02-09,284574399856.7
2020-02-10,277913046209.37
2020-02-11,290962435660.09
2020-02-12,297171792199.12
2020-02-13,295980740602.2
2020-02-14,302837442288.8
2020-02-15,284995676158.02
2020-02-16,281860952815.66
2020-02-17,278283797425.8
2020-02-18,291726763103.11
2020-02-19,272811225845.71
2020-02-20,272703718254.65
2020-02-21,276138452492.61
2020-02-22,274970309389.55
2020-02-23,284966404794.1
2020-02-24,274595245839.69
2020-02-25,261834729137.97
2020-02-26,243968986488.91
2020-02-27,246209786885.03
2020-02-28,243165463215.47
2020-02-29,237638986684.99
2020-03-01,237643544547.15
2020-03-02,249920362328.14
2020-03-03,245206776956.8
2020-03-04,245338774014.63
2020-03-05,253124501841.71
2020-03-06,258191886521.12
2020-03-07,249960304969.46
2020-03-08,221952612671.42
2020-03-09,221344670293.26
2020-03-10,220410863950.32
2020-03-11,219777053898.16
2020-03-12,135471365013.58
2020-03-13,157943393044.21
2020-03-14,145995324273.96
2020-03-15,148934248544.79
2020-03-16,139409293986.53
2020-03-17,147709066088.91
2020-03-18,150011481036.25
2020-03-19,170760800116.88
2020-03-20,169751122661.05
2020-03-21,170145638593.33
2020-03-22,159598185281.87
2020-03-23,176339763745.28
2020-03-24,182804362256.59
2020-03-25,180405408030.8
2020-03-26,182904931502.37
2020-03-27,173931504852.69
2020-03-28,171752514120.93
2020-03-29,162033142068.25
2020-03-30,175086226460.01
2020-03-31,177384079722.4
2020-04-01,182657385662.74
2020-04-02,186619538749.68
2020-04-03,186055211043.22
2020-04-04,189309098149.87
2020-04-05,186748926132.51
2020-04-06,205105331500.6
2020-04-07,200786185834.62
2020-04-08,207387314714.2
2020-04-09,205622358687.97
2020-04-10,192687850179.89
2020-04-11,193303560228.88
2020-04-12,193746964147.02
2020-04-13,192311770362.8
2020-04-14,192808155489.57
2020-04-15,186805456823.16
2020-04-16,201270146034.0
2020-04-17,199137317046.81
2020-04-18,207286233464.45
2020-04-19,202788347334.09
2020-04-20,194327048954.96
2020-04-21,195028821744.07
2020-04-22,203246888077.47
2020-04-23,212644745866.11
2020-04-24,212595715526.87
2020-04-25,214413320118.61
2020-04-26,218324973354.64
2020-04-27,220006492905.16
2020-04-28,220955843243.81
2020-04-29,244975647056.53
2020-04-30,238550638284.96
2020-05-01,244056544752.81
2020-05-02,248213613941.07
2020-05-03,245285269637.25
2020-05-04,243994393871.96
2020-05-05,246943173240.34
2020-05-06,247199944240.49
2020-05-07,266498046002.62
2020-05-08,263168515491.92
2020-05-09,258134904109.79
2020-05-10,235995560648.87
2020-05-11,232880897059.36
2020-05-12,239304365642.06
2020-05-13,250779497985.34
2020-05-14,263017770933.16
2020-05-15,251568741464.25
2020-05-16,254488282923.03
2020-05-17,260766380029.6
2020-05-18,263825705593.44
2020-05-19,264898280782.18
2020-05-20,258512861111.29
2020-05-21,246904548277.89
2020-05-22,251730412173.59
2020-05-23,251618088307.21
2020-05-24,240517154082.93
2020-05-25,245794327213.11
2020-05-26,243907132125.08
2020-05-27,252543722179.12
2020-05-28,262026503292.81
2020-05-29,259063679622.1
2020-05-30,269639900244.42
2020-05-31,261669229419.88
2020-06-01,288136000000.0
2020-06-02,272973000000.0
2020-06-03,277588000000.0
2020-06-04,280205000000.0
2020-06-05,276164000000.0
2020-06-06,277750000000.0
2020-06-07,279588000000.0
2020-06-08,280458000000.0
2020-06-09,280052000000.0
2020-06-10,283331000000.0
2020-06-11,264609000000.0
2020-06-12,270955000000.0
2020-06-13,271460000000.0
2020-06-14,266741000000.0
2020-06-15,269489000000.0
2020-06-16,272352000000.0
2020-06-17,271074000000.0
2020-06-18,268398000000.0
2020-06-19,266278000000.0
2020-06-20,267538000000.0
2020-06-21,265657000000.0
2020-06-22,277196000000.0
2020-06-23,276192000000.0
2020-06-24,267165000000.0
2020-06-25,265668000000.0
2020-06-26,263438000000.0
2020-06-27,257297000000.0
2020-06-28,260986000000.0
2020-06-29,263527000000.0
2020-06-30,261810000000.0
2020-07-01,265421000000.0
2020-07-02,261544000000.0
2020-07-03,261354000000.0
2020-07-04,264342000000.0
2020-07-05,262660000000.0
2020-07-06,273110000000.0
2020-07-07,271611000000.0
2020-07-08,278806000000.0
2020-07-09,273990000000.0
2020-07-10,274203000000.0
2020-07-11,274108000000.0
2020-07-12,276695000000.0
2020-07-13,271950000000.0
2020-07-14,273253000000.0
2020-07-15,271926000000.0
2020-07-16,271299000000.0
2020-07-17,271924000000.0
2020-07-18,273438000000.0
2020-07-19,274971000000.0
2020-07-20,272027000000.0
2020-07-21,279227000000.0
2020-07-22,286257000000.0
2020-07-23,289803000000.0
2020-07-24,287793000000.0
2020-07-25,297037000000.0
2020-07-26,301851000000.0
2020-07-27,325422000000.0
2020-07-28,324587000000.0
2020-07-29,328014000000.0
2020-07-30,330924000000.0
2020-07-31,338241000000.0
2020-08-01,356863000000.0
2020-08-02,336723000000.0
2020-08-03,344597000000.0
2020-08-04,344169000000.0
2020-08-05,357082000000.0
2020-08-06,357851000000.0
2020-08-07,351310000000.0
2020-08-08,359420000000.0
2020-08-09,356916000000.0
2020-08-10,363587000000.0
2020-08-11,347874000000.0
2020-08-12,355032000000.0
2020-08-13,365907000000.0
2020-08-14,368575000000.0
2020-08-15,371070000000.0
2020-08-16,374781000000.0
2020-08-17,382193000000.0
2020-08-18,372116000000.0
2020-08-19,363205000000.0
2020-08-20,369182000000.0
2020-08-21,354908000000.0
2020-08-22,361407000000.0
2020-08-23,360286000000.0
2020-08-24,366297000000.0
2020-08-25,350592000000.0
2020-08-26,354617000000.0
2020-08-27,348826000000.0
2020-08-28,356507000000.0
2020-08-29,356863000000.0
2020-08-30,367060000000.0
2020-08-31,369167000000.0
2020-09-01,382168000000.0
2020-09-02,362791000000.0
2020-09-03,321129000000.0
2020-09-04,331633000000.0
2020-09-05,314690000000.0
2020-09-06,321989000000.0
2020-09-07,324552000000.0
2020-09-08,316611000000.0
2020-09-09,322279000000.0
2020-09-10,327754000000.0
2020-09-11,330290000000.0
2020-09-12,334847000000.0
2020-09-13,328410000000.0
2020-09-14,337182000000.0
2020-09-15,335924000000.0
2020-09-16,339487000000.0
2020-09-17,343540000000.0
2020-09-18,342349000000.0
2020-09-19,345775000000.0
2020-09-20,339248000000.0
2020-09-21,320857000000.0
2020-09-22,325217000000.0
2020-09-23,313031000000.0
2020-09-24,330909000000.0
2020-09-25,332284000000.0
2020-09-26,333916000000.0
2020-09-27,336328125147.67
2020-09-28,333692518931.15
2020-09-29,338343679366.54
2020-09-30,337393997941.47
2020-10-01,332258544683.26
2020-10-02,328436121845.9
2020-10-03,328415643877.61
2020-10-04,332590981309.07
2020-10-05,335256201878.53
2020-10-06,326737964746.6
2020-10-07,329066488524.8
2020-10-08,336560726221.02
2020-10-09,342906574505.17
2020-10-10,349093622938.41
2020-10-11,351695120891.12
2020-10-12,357035406939.54
2020-10-13,354248732113.54
2020-10-14,354595306551.06
2020-10-15,355096517648.42
2020-10-16,348117616555.1
2020-10-17,349539522514.79
2020-10-18,354753118616.94
2020-10-19,359043090636.42
2020-10-20,358226563531.0
2020-10-21,380208719110.78
2020-10-22,388857613784.92
2020-10-23,387885357732.21
2020-10-24,393362392922.86
2020-10-25,390813568280.65
2020-10-26,388472714942.54
2020-10-27,401439950714.35
2020-10-28,390531257357.54
2020-10-29,392603492873.78
2020-10-30,393344595915.17
2020-10-31,400357809166.97
2020-11-01,401162840710.78
2020-11-02,392980304265.69
2020-11-03,401041221477.43
2020-11-04,405038110016.32
2020-11-05,435188305194.12
2020-11-06,444527415817.03
2020-11-07,424629254495.71
2020-11-08,441355256307.06
2020-11-09,437519165179.71
2020-11-10,438815243854.46
2020-11-11,448072979194.01
2020-11-12,458483915706.87
2020-11-13,464287751329.61
2020-11-14,456785825059.27
2020-11-15,451828133431.26
2020-11-16,470239232579.14
2020-11-17,492890634488.26
2020-11-18,491917381685.34
2020-11-19,492876733788.94
2020-11-20,517521010253.14
2020-11-21,536112004291.75
2020-11-22,528241637173.28
2020-11-23,546875287212.06
2020-11-24,569290411863.09
2020-11-25,550707867459.23
2020-11-26,503426102067.39
2020-11-27,505109236238.94
2020-11-28,524401328612.44
2020-11-29,537924391132.59
2020-11-30,577835410160.22
2020-12-01,549684826158.31
2020-12-02,563798440358.23
2020-12-03,571082430134.25
2020-12-04,542096530248.82
2020-12-05,559773327767.93
2020-12-06,565876125951.92
2020-12-07,559624885268.51
2020-12-08,532535718513.89
2020-12-09,542764813891.44
2020-12-10,532007102733.53
2020-12-11,523196364519.47
2020-12-12,542185839948.68
2020-12-13,554133386510.68
2020-12-14,555588563459.48
2020-12-15,557875044489.87
2020-12-16,609679205011.7
2020-12-17,637811623411.63
2020-12-18,647310817413.63
2020-12-19,662096522018.8
2020-12-20,650876440776.61
2020-12-21,627222847248.83
2020-12-22,650704351437.82
2020-12-23,616317149719.19
2020-12-24,638747609345.19
2020-12-25,659886280084.29
2020-12-26,693856202695.53
2020-12-27,695068319531.65
2020-12-28,718887975432.32
2020-12-29,724883768967.84
2020-12-30,754601878050.64
2020-12-31,759201367397.34
2021-01-01,766002746233.26
2021-01-02,825342841900.62
2021-01-03,874620223357.63
2021-01-04,863680786080.17
2021-01-05,913620548285.23
2021-01-06,991860497237.89
2021-01-07,1045764442874.23
2021-01-08,1066070790406.53
2021-01-09,1077297027742.12
2021-01-10,1033108510287.15
2021-01-11,946416716280.23
2021-01-12,915120702731.39
2021-01-13,1000264183348.02
2021-01-14,1050855279159.69
2021-01-15,996453965418.32
2021-01-16,997388839571.07
2021-01-17,997372372346.59
2021-01-18,1017753283655.48
2021-01-19,1015243909190.91
2021-01-20,1012379117315.88
2021-01-21,873845199533.07
2021-01-22,939703590185.41
2021-01-23,928079433270.43
2021-01-24,952971028043.9
2021-01-25,939613905240.29
2021-01-26,951680099502.15
2021-01-27,888307790598.35
2021-01-28,972129873557.62
2021-01-29,995483118814.9
2021-01-30,1007885093617.15
2021-01-31,977898447907.7
2021-02-01,994603092867.04
2021-02-02,1052596684634.33
2021-02-03,1092933704011.71
2021-02-04,1108563811420.19
2021-02-05,1166138199059.03
2021-02-06,1181215697616.41
2021-02-07,1168609749339.44
2021-02-08,1345349399433.91
2021-02-09,1368210395351.61
2021-02-10,1355940432889.2
2021-02-11,1432990176711.78
2021-02-12,1450869735448.89
2021-02-13,1456996504646.99
2021-02-14,1468284426090.3
2021-02-15,1446385634132.89
2021-02-16,1471061690475.4
2021-02-17,1553391500023.2
2021-02-18,1563684307603.42
2021-02-19,1684158204759.57
2021-02-20,1669982614620.86
2021-02-21,1716963172192.09
2021-02-22,1620927531210.06
2021-02-23,1455054857044.0
2021-02-24,1490935042080.76
2021-02-25,1405822811169.58
2021-02-26,1388162926632.21
2021-02-27,1398030818765.45
2021-02-28,1366295861649.84
2021-03-01,1494410652699.47
2021-03-02,1460152251637.12
2021-03-03,1514858499793.64
2021-03-04,1466424455153.16
2021-03-05,1475658746729.07
2021-03-06,1494857523649.54
2021-03-07,1555375042782.24
2021-03-08,1604397043083.64
2021-03-09,1684489474938.72
2021-03-10,1680557559187.38
2021-03-11,1728406209357.8
2021-03-12,1703325600651.98
2021-03-13,1815105047674.39
2021-03-14,1753657439070.65
2021-03-15,1676421305807.55
2021-03-16,1717903660736.88
2021-03-17,1774409439706.77
2021-03-18,1736822466066.49
2021-03-19,1762236116261.4
2021-03-20,1760918745577.32
2021-03-21,1746452848076.32
2021-03-22,1656691517124.75
2021-03-23,1661880590826.03
2021-03-24,1588953740155.21
2021-03-25,1571537348154.37
2021-03-26,1690232404910.31
2021-03-27,1707135346146.62
2021-03-28,1707522244936.18
2021-03-29,1771165234467.08
2021-03-30,1806415726312.13
2021-03-31,1823288574639.38
2021-04-01,1837465591896.01
2021-04-02,1880322289333.0
2021-04-03,1812560215136.92
2021-04-04,1879008990335.39
2021-04-05,1926012149990.19
2021-04-06,1922874927905.65
2021-04-07,1827066238077.78
2021-04-08,1919353576348.49
2021-04-09,1922104164106.6
2021-04-10,1988885865025.48
2021-04-11,2009907450410.69
2021-04-12,2023390901466.5
2021-04-13,2144194302249.01
2021-04-14,2165047696911.39
2021-04-15,2204522837495.98
2021-04-16,2177436596499.27
2021-04-17,2118583172240.93
2021-04-18,2005354124886.95
2021-04-19,1967898957985.04
2021-04-20,2025626653236.26
2021-04-21,1947434904847.35
2021-04-22,1873636475320.77
2021-04-23,1862496880804.32
2021-04-24,1793846822770.1
2021-04-25,1816319264568.98
